Ajit|pa|https://www.careerswave.in/ajit-epaper-pdf-free-download/
Amar Ujala|hi|https://www.careerswave.in/amar-ujala-epaper-pdf-free-download/
Anandabazar|bn|https://www.careerswave.in/anandabazar-epaper-pdf-free-download/
Andhra Jyothi|te|https://www.careerswave.in/andhra-jyothi-epaper-pdf-free-download/
Bartaman|bn|https://www.careerswave.in/bartaman-epaper-pdf-free-download/
Business Line|en|https://www.careerswave.in/business-line-epaper-pdf-free-download/
Business Standard|en|https://www.careerswave.in/business-standard-newspaper-in-pdf/
Daily Thanthi|ta|https://www.careerswave.in/daily-thanthi-epaper-pdf-free-download/
Dainik Bhaskar|hi|https://www.careerswave.in/dainik-bhaskar-epaper-pdf-free-download/
Dainik Jagran|hi|https://www.careerswave.in/dainik-jagran-epaper-pdf-free-download/
Dainik Navajyoti|hi|https://www.careerswave.in/dainik-navajyoti-epaper-pdf-free-download/
Deccan Chronicle|en|https://www.careerswave.in/deccan-chronicle-epaper-pdf-free-download/
Deccan Herald|en|https://www.careerswave.in/deccan-herald-epaper-p2024-free-pdf/
Dinamalar|ta|https://www.careerswave.in/dinamalar-epaper-pdf-free-download/
Dinamani|ta|https://www.careerswave.in/dinamani-epaper-pdf-free-download/
Divya Bhaskar|gu|https://www.careerswave.in/divya-bhaskar-epaper-pdf-free-download/
Economic Times|en|https://www.careerswave.in/economic-times-epaper-pdf-free-download/
Eenadu|te|https://www.careerswave.in/eenadu-epaper-pdf-free-download/
Financial Express|en|https://www.careerswave.in/the-financial-express-epaper-pdf-free-download/
Greater Kashmir|en|https://www.careerswave.in/greater-kashmir-epaper-pdf-free-download/
Gujarat Samachar|gu|https://www.careerswave.in/gujarat-samachar-epaper-pdf-free-download/
Hari Bhoomi|hi|https://www.careerswave.in/hari-bhoomi-epaper-pdf-free-download/
Hindustan|hi|https://www.careerswave.in/hindustan-epaper-pdf-free-download/
Hindustan Times|en|https://www.careerswave.in/hindustan-times-epaper-pdf-free-download/
Indian Express|en|https://www.careerswave.in/indian-express-epaper-pdf-free-download/
Jansatta|hi|https://www.careerswave.in/jansatta-epaper-pdf-free-download/
Loksatta|mr|https://www.careerswave.in/loksatta-epaper-pdf-free-download/
Maharashtra Times|mr|https://www.careerswave.in/maharashtra-times-epaper-pdf-free-download/
Malayala Manorama|ml|https://www.careerswave.in/malayala-manorama-epaper-pdf-free-download/
Manam|te|https://www.careerswave.in/manam-newspaper-p2024-free-pdf/
Mana Telangana|te|https://www.careerswave.in/mana-telangana-epaper-pdf-free-download/
Mathrubhumi|ml|https://www.careerswave.in/mathrubhumi-epaper-pdf-free-download/
Mint|en|https://www.careerswave.in/mint-epaper-pdf-free-download/
Nagaland Post|en|https://www.careerswave.in/nagaland-post-epaper-pdf-down/
Nai Dunia|hi|https://www.careerswave.in/nai-dunia-epaper-download/
Namaste Telangana|te|https://www.careerswave.in/namaste-telangana-epaper-pdf-free-download/
Navbharat Times|hi|https://www.careerswave.in/navbharat-times-epaper-pdf-free-download/
O Heraldo|en|https://www.careerswave.in/o-heraldo-epaper-pdf-free-download/
Prabhat Khabar|hi|https://www.careerswave.in/prabhat-khabar-epaper-pdf-free-download/
Prajavani|kn|https://www.careerswave.in/prajavani-epaper-pdf-free-download/
Punjab Kesari|hi|https://www.careerswave.in/punjab-kesari-epaper-pdf-free-download/
Rashtriya Sahara|hi|https://www.careerswave.in/rashtriya-sahara-epaper-pdf-free-download/
Sakshi|te|https://www.careerswave.in/sakshi-epaper-pdf-free-download/
Samachar Jagat|hi|https://www.careerswave.in/samachar-jagat-epaper-p2024-free-pdf/
Telangana Today|en|https://www.careerswave.in/telangana-today-epaper-pdf-free-download/
The Hindu|en|https://www.careerswave.in/the-hindu-epaper-pdf-download-for-upsc/
The Telegraph|en|https://www.careerswave.in/telegraph-epaper-pdf-free-download/
Times of India|en|https://www.careerswave.in/times-of-india-epaper-pdf-free-download/
Udayavani|kn|https://www.careerswave.in/udayavani-epaper-pdf-free-download/
Vijaya Karnataka|kn|https://www.careerswave.in/vijaya-karnataka-newspaper-p2024-free-pdf/
